OBJECTID_1,OBJECTID,Shape_Le_1,Area,Shape_Le_2,Shape_Area
"1","0",64236.68175100000,123953000.00000000000,64360.29018630000,124.42946148800
